op,n,threads,impl,median_s,gelem_s
add,100000000,1,hpxpy,0.36726822400000003,0.27228056625993324
add,100000000,1,cpp,0.36655939,0.27280708864121583
add,100000000,2,hpxpy,0.18848035200000002,0.530559280789119
add,100000000,2,cpp,0.189128491,0.5287410663050233
add,100000000,4,hpxpy,0.104649348,0.9555721264503243
add,100000000,4,cpp,0.105224285,0.9503509574809655
add,100000000,8,hpxpy,0.071803221,1.392695182852591
add,100000000,8,cpp,0.072262091,1.3838514581594379
add,100000000,16,hpxpy,0.06880471,1.453388874104694
add,100000000,16,cpp,0.070268346,1.423115893463609
add,100000000,32,hpxpy,0.0521585175,1.91723240600157
add,100000000,32,cpp,0.0528390025,1.8925414044294269
add,100000000,40,hpxpy,0.0383079185,2.6104263534966012
add,100000000,40,cpp,0.040716124,2.456029458992708
